{"stats":{"minecraft:mined":{"minecraft:cobblestone_stairs":2,"minecraft:spruce_log":20,"minecraft:short_grass":2,"minecraft:oak_log":16,"minecraft:dirt":12,"minecraft:spruce_leaves":3,"minecraft:stone":112,"minecraft:sugar_cane":3,"minecraft:fern":1},"minecraft:used":{"minecraft:stone_sword":4,"minecraft:cobblestone_stairs":4,"minecraft:stone_pickaxe":106,"minecraft:wooden_pickaxe":8,"minecraft:sugar_cane":10,"minecraft:oak_door":3,"minecraft:stone_axe":35,"minecraft:dirt":2,"minecraft:crafting_table":1,"minecraft:egg":1},"minecraft:crafted":{"minecraft:oak_door":3,"minecraft:oak_planks":28,"minecraft:crafting_table":1,"minecraft:spruce_planks":4,"minecraft:stick":8,"minecraft:wooden_pickaxe":1,"minecraft:stone_pickaxe":1,"minecraft:stone_sword":1,"minecraft:cobblestone_stairs":4,"minecraft:stone_axe":1},"minecraft:custom":{"minecraft:time_since_rest":9017,"minecraft:sprint_one_cm":5941,"minecraft:damage_taken":487,"minecraft:walk_one_cm":49187,"minecraft:mob_kills":4,"minecraft:damage_dealt":120,"minecraft:swim_one_cm":2602,"minecraft:interact_with_crafting_table":5,"minecraft:fly_one_cm":3671,"minecraft:crouch_one_cm":121,"minecraft:play_time":12192,"minecraft:deaths":1,"minecraft:sneak_time":142,"minecraft:walk_under_water_one_cm":6605,"minecraft:jump":52,"minecraft:walk_on_water_one_cm":4323,"minecraft:time_since_death":8878,"minecraft:total_world_time":12192,"minecraft:fall_one_cm":1507},"minecraft:killed":{"minecraft:salmon":4},"minecraft:picked_up":{"minecraft:stick":1,"minecraft:salmon":4,"minecraft:wooden_pickaxe":1,"minecraft:oak_log":27,"minecraft:spruce_log":20,"minecraft:cobblestone_stairs":2,"minecraft:dirt":29,"minecraft:stone_sword":1,"minecraft:stone_axe":1,"minecraft:wheat_seeds":4,"minecraft:stone_pickaxe":1,"minecraft:sugar_cane":10,"minecraft:oak_planks":5,"minecraft:cobblestone":112,"minecraft:egg":1},"minecraft:killed_by":{"minecraft:skeleton":1}},"DataVersion":3700}