{"stats":{"minecraft:broken":{"minecraft:stone_axe":1},"minecraft:dropped":{"minecraft:stone_pickaxe":1,"minecraft:cooked_mutton":2},"minecraft:mined":{"minecraft:large_fern":3,"minecraft:furnace":1,"minecraft:spruce_log":53,"minecraft:crafting_table":1,"minecraft:coal_ore":9,"minecraft:short_grass":1,"minecraft:grass_block":6,"minecraft:oak_log":67,"minecraft:dirt":12,"minecraft:spruce_leaves":8,"minecraft:stone":45,"minecraft:oak_leaves":4},"minecraft:used":{"minecraft:cooked_mutton":2,"minecraft:stone_sword":35,"minecraft:stone_pickaxe":47,"minecraft:wooden_pickaxe":18,"minecraft:cooked_salmon":1,"minecraft:dirt":3,"minecraft:stone_axe":129,"minecraft:crafting_table":1,"minecraft:smoker":1},"minecraft:crafted":{"minecraft:oak_planks":16,"minecraft:crafting_table":1,"minecraft:stick":12,"minecraft:wooden_pickaxe":1,"minecraft:stone_pickaxe":2,"minecraft:stone_sword":1,"minecraft:furnace":2,"minecraft:cooked_salmon":1,"minecraft:stone_axe":1,"minecraft:cooked_mutton":3,"minecraft:air":0,"minecraft:smoker":1},"minecraft:custom":{"minecraft:time_since_rest":3221,"minecraft:interact_with_furnace":5,"minecraft:sprint_one_cm":108157,"minecraft:damage_taken":1065,"minecraft:walk_one_cm":78879,"minecraft:mob_kills":9,"minecraft:drop":3,"minecraft:damage_dealt":1823,"minecraft:player_kills":1,"minecraft:swim_one_cm":5217,"minecraft:interact_with_crafting_table":6,"minecraft:fly_one_cm":156106,"minecraft:crouch_one_cm":6444,"minecraft:play_time":29122,"minecraft:deaths":4,"minecraft:sneak_time":2675,"minecraft:walk_under_water_one_cm":706,"minecraft:jump":886,"minecraft:time_since_death":3180,"minecraft:walk_on_water_one_cm":2058,"minecraft:interact_with_smoker":1,"minecraft:total_world_time":29122,"minecraft:fall_one_cm":17898},"minecraft:killed":{"minecraft:skeleton":3,"minecraft:zombie":1,"minecraft:spider":3,"minecraft:creeper":2},"minecraft:picked_up":{"minecraft:stick":19,"minecraft:charcoal":3,"minecraft:crafting_table":3,"minecraft:wooden_pickaxe":2,"minecraft:smoker":3,"minecraft:oak_log":126,"minecraft:spruce_sapling":10,"minecraft:spruce_log":148,"minecraft:spider_eye":1,"minecraft:string":3,"minecraft:dirt":66,"minecraft:stone_sword":4,"minecraft:cooked_mutton":1,"minecraft:bone":11,"minecraft:apple":5,"minecraft:stone_axe":3,"minecraft:wheat_seeds":3,"minecraft:stone_pickaxe":4,"minecraft:coal":9,"minecraft:oak_sapling":144,"minecraft:birch_sapling":2,"minecraft:oak_planks":6,"minecraft:cobblestone":59,"minecraft:furnace":5},"minecraft:killed_by":{"minecraft:skeleton":2,"minecraft:zombie":1,"minecraft:enderman":1}},"DataVersion":3700}