{"stats":{"minecraft:dropped":{"minecraft:stone_pickaxe":1},"minecraft:mined":{"minecraft:furnace":1,"minecraft:spruce_log":15,"minecraft:crafting_table":1,"minecraft:short_grass":1,"minecraft:grass_block":4,"minecraft:oak_log":67,"minecraft:dirt":6,"minecraft:spruce_leaves":1,"minecraft:stone":33,"minecraft:oak_leaves":4},"minecraft:used":{"minecraft:cooked_mutton":1,"minecraft:stone_sword":5,"minecraft:stone_pickaxe":26,"minecraft:wooden_pickaxe":18,"minecraft:cooked_salmon":1,"minecraft:stone_axe":86,"minecraft:crafting_table":1,"minecraft:smoker":1},"minecraft:crafted":{"minecraft:oak_planks":16,"minecraft:crafting_table":1,"minecraft:stick":12,"minecraft:wooden_pickaxe":1,"minecraft:stone_pickaxe":2,"minecraft:stone_sword":1,"minecraft:furnace":2,"minecraft:cooked_salmon":1,"minecraft:stone_axe":1,"minecraft:air":0,"minecraft:smoker":1},"minecraft:custom":{"minecraft:time_since_rest":324,"minecraft:interact_with_furnace":4,"minecraft:sprint_one_cm":58769,"minecraft:damage_taken":240,"minecraft:walk_one_cm":59479,"minecraft:mob_kills":2,"minecraft:drop":1,"minecraft:damage_dealt":555,"minecraft:swim_one_cm":1460,"minecraft:interact_with_crafting_table":6,"minecraft:fly_one_cm":85669,"minecraft:crouch_one_cm":3282,"minecraft:play_time":17122,"minecraft:deaths":1,"minecraft:sneak_time":1435,"minecraft:walk_under_water_one_cm":583,"minecraft:jump":479,"minecraft:time_since_death":290,"minecraft:walk_on_water_one_cm":1474,"minecraft:interact_with_smoker":1,"minecraft:total_world_time":17122,"minecraft:fall_one_cm":8156},"minecraft:killed":{"minecraft:skeleton":1,"minecraft:zombie":1},"minecraft:picked_up":{"minecraft:stick":3,"minecraft:charcoal":1,"minecraft:crafting_table":1,"minecraft:smoker":1,"minecraft:oak_log":66,"minecraft:spruce_log":13,"minecraft:dirt":10,"minecraft:cooked_mutton":1,"minecraft:bone":2,"minecraft:apple":1,"minecraft:oak_sapling":16,"minecraft:cobblestone":33,"minecraft:furnace":1},"minecraft:killed_by":{"minecraft:zombie":1}},"DataVersion":3700}