{"stats":{"minecraft:picked_up":{"minecraft:stick":2},"minecraft:custom":{"minecraft:jump":117,"minecraft:time_since_rest":13664,"minecraft:crouch_one_cm":4,"minecraft:leave_game":2,"minecraft:play_time":13664,"minecraft:sprint_one_cm":11555,"minecraft:damage_taken":50,"minecraft:time_since_death":13664,"minecraft:walk_one_cm":2965,"minecraft:sneak_time":11,"minecraft:total_world_time":13664,"minecraft:fall_one_cm":4607,"minecraft:fly_one_cm":68887},"minecraft:mined":{"minecraft:oak_leaves":5}},"DataVersion":3700}