{"stats":{"minecraft:mined":{"minecraft:spruce_log":1,"minecraft:dandelion":1,"minecraft:short_grass":4,"minecraft:coal_ore":6,"minecraft:oak_log":29,"minecraft:spruce_leaves":6,"minecraft:stone":32,"minecraft:oak_leaves":8,"minecraft:fern":2},"minecraft:used":{"minecraft:oak_log":2,"minecraft:stone_pickaxe":42,"minecraft:dirt":2},"minecraft:crafted":{"minecraft:oak_planks":4,"minecraft:stick":4},"minecraft:custom":{"minecraft:time_since_rest":7776,"minecraft:interact_with_furnace":3,"minecraft:sprint_one_cm":9889,"minecraft:damage_taken":451,"minecraft:walk_one_cm":213213,"minecraft:mob_kills":2,"minecraft:damage_dealt":187,"minecraft:interact_with_crafting_table":3,"minecraft:fly_one_cm":2631,"minecraft:crouch_one_cm":1453,"minecraft:play_time":27158,"minecraft:deaths":1,"minecraft:sneak_time":201,"minecraft:walk_under_water_one_cm":4065,"minecraft:jump":237,"minecraft:time_since_death":7722,"minecraft:walk_on_water_one_cm":6206,"minecraft:total_world_time":27158,"minecraft:interact_with_smoker":1,"minecraft:fall_one_cm":3920},"minecraft:picked_up":{"minecraft:feather":4,"minecraft:chicken":1,"minecraft:salmon":4,"minecraft:dandelion":2,"minecraft:oak_log":47,"minecraft:spruce_log":4,"minecraft:string":2,"minecraft:dirt":32,"minecraft:bone":4,"minecraft:wheat_seeds":1,"minecraft:stone_pickaxe":2,"minecraft:birch_sapling":2,"minecraft:mutton":4,"minecraft:oak_planks":2,"minecraft:coal":6,"minecraft:white_wool":2,"minecraft:cobblestone":35},"minecraft:killed":{"minecraft:sheep":1,"minecraft:chicken":1},"minecraft:killed_by":{"minecraft:creeper":1}},"DataVersion":3700}