{"stats":{"minecraft:mined":{"minecraft:short_grass":3,"minecraft:oak_log":21,"minecraft:stone":26,"minecraft:dandelion":1,"minecraft:oak_leaves":8,"minecraft:fern":2},"minecraft:used":{"minecraft:oak_log":2,"minecraft:stone_pickaxe":29},"minecraft:crafted":{"minecraft:oak_planks":4,"minecraft:stick":4},"minecraft:custom":{"minecraft:time_since_rest":15158,"minecraft:crouch_one_cm":1292,"minecraft:interact_with_furnace":2,"minecraft:play_time":15158,"minecraft:damage_taken":104,"minecraft:walk_one_cm":122064,"minecraft:sneak_time":184,"minecraft:walk_under_water_one_cm":3873,"minecraft:mob_kills":2,"minecraft:jump":105,"minecraft:damage_dealt":166,"minecraft:walk_on_water_one_cm":3617,"minecraft:time_since_death":15158,"minecraft:interact_with_smoker":1,"minecraft:total_world_time":15158,"minecraft:interact_with_crafting_table":3,"minecraft:fall_one_cm":1706,"minecraft:fly_one_cm":1430},"minecraft:picked_up":{"minecraft:feather":2,"minecraft:chicken":1,"minecraft:salmon":2,"minecraft:wheat_seeds":1,"minecraft:dandelion":1,"minecraft:stone_pickaxe":1,"minecraft:oak_log":21,"minecraft:spruce_log":2,"minecraft:mutton":2,"minecraft:birch_sapling":1,"minecraft:white_wool":1,"minecraft:cobblestone":26},"minecraft:killed":{"minecraft:sheep":1,"minecraft:chicken":1}},"DataVersion":3700}