{"stats":{"minecraft:dropped":{"minecraft:cooked_mutton":1},"minecraft:mined":{"minecraft:furnace":1,"minecraft:smoker":1,"minecraft:birch_log":13,"minecraft:birch_leaves":3,"minecraft:short_grass":1,"minecraft:coal_ore":2,"minecraft:grass_block":7,"minecraft:oak_log":42,"minecraft:rose_bush":2,"minecraft:gravel":2,"minecraft:dirt":7,"minecraft:stone":52,"minecraft:oak_leaves":48},"minecraft:used":{"minecraft:cooked_mutton":1,"minecraft:rose_bush":2,"minecraft:stone_sword":46,"minecraft:stone_pickaxe":40,"minecraft:birch_sapling":1,"minecraft:wooden_pickaxe":22,"minecraft:cooked_salmon":5,"minecraft:cooked_chicken":1,"minecraft:stone_axe":91,"minecraft:crafting_table":1,"minecraft:furnace":2},"minecraft:crafted":{"minecraft:charcoal":4,"minecraft:crafting_table":1,"minecraft:stick":8,"minecraft:wooden_pickaxe":1,"minecraft:cooked_chicken":1,"minecraft:stone_pickaxe":1,"minecraft:stone_sword":1,"minecraft:furnace":1,"minecraft:cooked_salmon":9,"minecraft:birch_planks":52,"minecraft:stone_axe":1,"minecraft:cooked_mutton":2},"minecraft:custom":{"minecraft:time_since_rest":16616,"minecraft:interact_with_furnace":19,"minecraft:sprint_one_cm":28021,"minecraft:damage_taken":540,"minecraft:walk_one_cm":41089,"minecraft:mob_kills":18,"minecraft:drop":1,"minecraft:damage_dealt":1566,"minecraft:swim_one_cm":11069,"minecraft:interact_with_crafting_table":5,"minecraft:fly_one_cm":39141,"minecraft:crouch_one_cm":620,"minecraft:play_time":16616,"minecraft:sneak_time":296,"minecraft:walk_under_water_one_cm":7045,"minecraft:jump":267,"minecraft:walk_on_water_one_cm":2551,"minecraft:time_since_death":16616,"minecraft:total_world_time":16616,"minecraft:fall_one_cm":4008},"minecraft:killed":{"minecraft:sheep":3,"minecraft:chicken":2,"minecraft:salmon":12,"minecraft:spider":1},"minecraft:picked_up":{"minecraft:birch_log":13,"minecraft:charcoal":3,"minecraft:stick":7,"minecraft:feather":1,"minecraft:chicken":2,"minecraft:salmon":10,"minecraft:gravel":1,"minecraft:flint":1,"minecraft:oak_log":42,"minecraft:spider_eye":1,"minecraft:dirt":14,"minecraft:rotten_flesh":2,"minecraft:rose_bush":2,"minecraft:oak_sapling":16,"minecraft:mutton":5,"minecraft:birch_sapling":2,"minecraft:coal":1,"minecraft:white_wool":3,"minecraft:cobblestone":52,"minecraft:furnace":1}},"DataVersion":3700}