{"stats":{"minecraft:dropped":{"minecraft:stone_axe":1,"minecraft:stone_sword":1,"minecraft:birch_sapling":1,"minecraft:apple":1,"minecraft:cooked_mutton":1,"minecraft:oak_sapling":40,"minecraft:spruce_log":37,"minecraft:stone_pickaxe":1,"minecraft:spruce_sapling":2},"minecraft:mined":{"minecraft:smoker":1,"minecraft:crafting_table":2,"minecraft:short_grass":1,"minecraft:grass_block":10,"minecraft:rose_bush":2,"minecraft:furnace":2,"minecraft:birch_log":13,"minecraft:birch_leaves":3,"minecraft:oak_log":57,"minecraft:coal_ore":14,"minecraft:gravel":2,"minecraft:dirt":12,"minecraft:stone":58,"minecraft:oak_leaves":48},"minecraft:used":{"minecraft:cooked_mutton":2,"minecraft:rose_bush":2,"minecraft:stone_sword":81,"minecraft:stone_pickaxe":60,"minecraft:wooden_pickaxe":22,"minecraft:cooked_salmon":10,"minecraft:cooked_chicken":1,"minecraft:crafting_table":2,"minecraft:oak_log":11,"minecraft:birch_sapling":1,"minecraft:stone_axe":104,"minecraft:furnace":3,"minecraft:oak_sapling":1},"minecraft:crafted":{"minecraft:oak_planks":148,"minecraft:crafting_table":2,"minecraft:wooden_pickaxe":1,"minecraft:cooked_chicken":1,"minecraft:furnace":2,"minecraft:cooked_salmon":17,"minecraft:birch_planks":52,"minecraft:stone_axe":1,"minecraft:cooked_mutton":2,"minecraft:charcoal":4,"minecraft:stick":8,"minecraft:stone_pickaxe":1,"minecraft:stone_sword":1},"minecraft:custom":{"minecraft:interact_with_furnace":27,"minecraft:mob_kills":30,"minecraft:interact_with_crafting_table":10,"minecraft:time_since_death":6955,"minecraft:time_since_rest":7200,"minecraft:sprint_one_cm":44228,"minecraft:damage_taken":1240,"minecraft:walk_one_cm":65397,"minecraft:drop":9,"minecraft:damage_dealt":2725,"minecraft:swim_one_cm":23834,"minecraft:fly_one_cm":77353,"minecraft:crouch_one_cm":620,"minecraft:play_time":28616,"minecraft:deaths":1,"minecraft:sneak_time":317,"minecraft:walk_under_water_one_cm":14467,"minecraft:jump":483,"minecraft:walk_on_water_one_cm":8147,"minecraft:total_world_time":28616,"minecraft:fall_one_cm":12593},"minecraft:killed":{"minecraft:salmon":20,"minecraft:spider":1,"minecraft:sheep":3,"minecraft:skeleton":3,"minecraft:zombie":1,"minecraft:chicken":2},"minecraft:picked_up":{"minecraft:birch_log":13,"minecraft:charcoal":4,"minecraft:crafting_table":3,"minecraft:feather":2,"minecraft:chicken":3,"minecraft:salmon":26,"minecraft:wooden_pickaxe":1,"minecraft:smoker":1,"minecraft:birch_planks":34,"minecraft:flint":2,"minecraft:oak_log":203,"minecraft:string":3,"minecraft:dirt":64,"minecraft:cooked_mutton":2,"minecraft:bone":4,"minecraft:apple":1,"minecraft:bow":1,"minecraft:wheat_seeds":2,"minecraft:stone_pickaxe":2,"minecraft:rose_bush":2,"minecraft:birch_sapling":3,"minecraft:oak_planks":3,"minecraft:furnace":4,"minecraft:stick":24,"minecraft:gravel":2,"minecraft:spruce_sapling":2,"minecraft:spruce_log":74,"minecraft:spider_eye":3,"minecraft:stone_sword":2,"minecraft:arrow":4,"minecraft:rotten_flesh":8,"minecraft:stone_axe":2,"minecraft:oak_sapling":58,"minecraft:mutton":5,"minecraft:coal":14,"minecraft:white_wool":6,"minecraft:cobblestone":93},"minecraft:killed_by":{"minecraft:player":1}},"DataVersion":3700}